INSERT INTO STUDENTS(REG_ID, NAME, ADDRESS, CITY)
VALUES (2015010101, 'JOSE DE ALENCAR', 'RUA DAS ALMAS', 'NATAL');

INSERT INTO STUDENTS(REG_ID, NAME, ADDRESS, CITY)
VALUES (2015010102, 'JOÃO JOSÉ', 'AVENIDA RUY CARNEIRO', 'JOÃO PESSOA');

INSERT INTO STUDENTS(REG_ID, NAME, ADDRESS, CITY)
VALUES(2015010103, 'MARIA JOAQUINA', 'RUA CARROSSEL', 'RECIFE');

INSERT INTO STUDENTS(REG_ID, NAME, ADDRESS, CITY)
VALUES(2015010104, 'MARIA DAS DORES', 'RUA DAS LADEIRAS', 'FORTALEZA');

INSERT INTO STUDENTS(REG_ID, NAME, ADDRESS, CITY)
VALUES (2015010105, 'JOSUÉ CLAUDINO ', 'CENTRO', 'NATAL');

INSERT INTO STUDENTS(REG_ID, NAME, ADDRESS, CITY)
VALUES (2015010106, 'JOSUÉLISSON CLAUDINO', 'CENTRO', 'NATAL');


INSERT INTO SUBJECTS( COD_SUBJ, NAME_SUBJ, WORKLOAD)
VALUES (1, 'BANCO DE DADOS', 100);

INSERT INTO SUBJECTS( COD_SUBJ, NAME_SUBJ, WORKLOAD)
VALUES (2, 'PROGRAMACAO ORT OBJ', 100);

INSERT INTO SUBJECTS( COD_SUBJ, NAME_SUBJ, WORKLOAD)
VALUES (3, 'AUTORIA WEB', 50);

INSERT INTO SUBJECTS( COD_SUBJ, NAME_SUBJ, WORKLOAD)
VALUES (4, 'ENGENHARIA DE SOFT', 80);

INSERT INTO SUBJECTS( COD_SUBJ, NAME_SUBJ, WORKLOAD)
VALUES (5, 'JAVA', 80);



INSERT INTO TEACHERS(COD_TEACHER, NAME, ADDRESS, CITY)
VALUES (212131, 'NICKERSON FERREIRA', 'RUA MANAÍRA', 'JOÃO PESSOA');

INSERT INTO TEACHERS(COD_TEACHER, NAME, ADDRESS, CITY)
VALUES (122135, 'ADORILSON BEZERRA', 'AVENIDA SALGADO', 'NATAL');

INSERT INTO TEACHERS(COD_TEACHER, NAME, ADDRESS, CITY)
VALUES (192011, 'DIEGO OLIVEIRA', 'AVENIDA ROBERTO', 'NATAL');


INSERT INTO CLASS(COD_SUBJECT, COD_CLASS, COD_TEACHERS, YEAR, HOURS)
VALUES (1, 1, 212131, 2015, '11H-12H');

INSERT INTO CLASS(COD_SUBJECT, COD_CLASS, COD_TEACHERS, YEAR, HOURS)
VALUES (1, 2, 212131, 2015, '13H-14H');

INSERT INTO CLASS(COD_SUBJECT, COD_CLASS, COD_TEACHERS, YEAR, HOURS)
VALUES (2, 1, 192011, 2015, '08H-09H');

INSERT INTO CLASS(COD_SUBJECT, COD_CLASS, COD_TEACHERS, YEAR, HOURS)
VALUES (3, 1, 192011, 2015, '07H-08H');

INSERT INTO CLASS(COD_SUBJECT, COD_CLASS, COD_TEACHERS, YEAR, HOURS)
VALUES (4, 1, 122135, 2015, '10H-11H');



INSERT INTO SCHOOL_RECORDS(REG_ID, COD_SUBJ, COD_CLASS, COD_TEACHER, YEAR, ATTENDANCE, GRADE)
VALUES(2015010101, 1, 2, 212131, 2015, 90, 7);

INSERT INTO SCHOOL_RECORDS(REG_ID, COD_SUBJ, COD_CLASS, COD_TEACHER, YEAR, ATTENDANCE, GRADE)
VALUES(2015010102, 1, 2, 212131, 2015, 80, 4);

INSERT INTO SCHOOL_RECORDS(REG_ID, COD_SUBJ, COD_CLASS, COD_TEACHER, YEAR, ATTENDANCE, GRADE)
VALUES(2015010103, 1, 2, 212131, 2015, 70, 9);

INSERT INTO SCHOOL_RECORDS(REG_ID, COD_SUBJ, COD_CLASS, COD_TEACHER, YEAR, ATTENDANCE, GRADE)
VALUES(2015010104, 1, 2, 212131, 2015, 60, 5);

INSERT INTO SCHOOL_RECORDS(REG_ID, COD_SUBJ, COD_CLASS, COD_TEACHER, YEAR, ATTENDANCE, GRADE)
VALUES(2015010105, 1, 2, 212131, 2015, 80, 8);

INSERT INTO SCHOOL_RECORDS(REG_ID, COD_SUBJ, COD_CLASS, COD_TEACHER, YEAR, ATTENDANCE, GRADE)
VALUES(2015010106, 1, 2, 212131, 2015, 75, 3);



SELECT SR.REG_ID -- OQUE EU QUERO MOSTRAR -- 
FROM SCHOOL_RECORDS AS SR -- TABELA ENVOLVIDA --
WHERE COD_SUBJ = 1 AND YEAR = 2015 AND GRADE < 5; -- CONDICOES DO QUE SE MOSTRA -- 


SELECT avg(GRADE)
FROM SCHOOL_RECORDS 
WHERE COD_SUBJ = 1 AND YEAR = 2015;

SELECT avg(GRADE)
FROM SCHOOL_RECORDS 
WHERE COD_SUBJ = 1 AND YEAR = 2015 AND GRADE > 6;

SELECT COUNT(REG_ID)
FROM STUDENTS
WHERE CITY <> 'NATAL';


--  MOSTRAR O NOME DA DISCIPLINA DA TURMA CUJO O HORARIO DAS 13 AD 14 .

SELECT S.NAME_SUBJ
FROM SUBJECTS AS S
INNER JOIN CLASS AS C -- CONDICAO EM OUTRA TABELA -- 
ON S.COD_SUBJ = C.COD_SUBJECT
WHERE C.HOURS = '13H-14H';


SELECT S.NAME_SUBJ, C.YEAR
FROM SUBJECTS AS S
LEFT JOIN CLASS AS C -- CONDICAO EM OUTRA TABELA -- 
ON S.COD_SUBJ = C.COD_SUBJECT;
-- WHERE C.HOURS = '13H-14H';

SELECT S.NAME_SUBJ, S.COD_SUBJ, S.WORKLOAD, C.COD_CLASS, C.COD_SUBJECT, C.COD_TEACHERS, C.HOURS, C.YEAR
FROM SUBJECTS AS S
LEFT JOIN CLASS AS C -- CONDICAO EM OUTRA TABELA -- 
ON S.COD_SUBJ = C.COD_SUBJECT
-- WHERE C.HOURS = '13H-14H';


-- add to git --












